"0","#Primero buscamos valores y muestras con valores faltantes"
"0","gsg<-goodSamplesGenes(datExpr0, verbose = 3) #Este comando filtra muestras con entradas faltantes, en este caso 3"
"1"," Flagging genes and samples with too many missing values..."
"1","
"
"1","  ..step 1"
"1","
"
"0","gsg$allOK"
"1","[1]"
"1"," TRUE"
"1","
"
"0","#Si la última declaración marca ""TRUE"", todos los genes pasaron el corte. "
"0","# Sino, debemos remover aquellos genes que no cumplen. En este caso pasó."
"0",""
"0","#Ahora clusterizamos las muestras"
"0","sampleTree<-hclust(dist(datExpr0), method = ""average"")"
"0","# Ploteamos el árbol en una ventana con dimensiones de 12 X 9 pulgadas"
"0","sizeGrWindow(12,9)"
"0","# Mandamos el pdf a carpeta de salida"
"0","pdf(""03_Output/SampleTree.pdf"", width = 12, height = 9)"
"0","par(cex = 0.6)"
"0","par(mar = c(0,4,2,0))"
"0","plot(sampleTree, main = ""Sample clustering to detect outliers"", sub="""", xlab="""", cex.lab = 1.5, cex.axis = 1.5, cex.main = 2)"
