"0","#Este caso vamos a usar y exportar los datos a Cytoscape"
"0","#Recalculamos la superposición topologica"
"0","TOM <- TOMsimilarityFromExpr(datExpr, power = 6)"
"1","TOM calculation: adjacency..
"
"1","..will not use multithreading.
"
"1"," Fraction of slow calculations: 0.396405
"
"1","..connectivity..
"
"1","..matrix multiplication (system BLAS)..
"
"1","..normalization..
"
"1","..done.
"
"0","# Leemos el texto de anotación"
"0","annot <- read.csv(file = ""01_Raw_data/FemaleLiver-Data/GeneAnnotation.csv"")"
"0","# Seleccionamos modulos"
"0","modules <- c(""brown"", ""red"")"
"0","# Seleccionamos modulos de prueba"
"0","probes <- names(datExpr)"
"0","inModule <- is.finite(match(moduleColors, modules))"
"0","modProbes <- probes[inModule]"
"0","modGenes <- annot$gene_symbol[match(modProbes, annot$substanceBXH)]"
"0","# Seleccionamos la superposición topologica correspondiente  "
"0","modTOM <- TOM[inModule, inModule]"
"0","dimnames(modTOM) <- list(modProbes, modProbes)"
"0","# Exportamos la red de conexiones y nodos que pueda leer cytoscape  "
"0","cyt <- exportNetworkToCytoscape(modTOM,"
"0","                               edgeFile = paste(""CytoscapeInput-edges-"", paste(modules, collapse=""-""), "".txt"", sep=""""),"
"0","                               nodeFile = paste(""CytoscapeInput-nodes-"", paste(modules, collapse=""-""), "".txt"", sep=""""),"
"0","                               weighted = TRUE,"
"0","                               threshold = 0.02,"
"0","                               nodeNames = modProbes,"
"0","                               altNodeNames = modGenes,"
"0","                               nodeAttr = moduleColors[inModule])"
