{"chunk_definitions":[{"row":14,"row_count":1,"visible":true,"expansion_state":0,"options":{"engine":"r","label":"unnamed-chunk-1"},"document_id":"91962090","chunk_id":"ctb3ty6z3cwoz","chunk_label":"unnamed-chunk-1"},{"row":36,"row_count":1,"visible":true,"expansion_state":0,"options":{"engine":"r","label":"unnamed-chunk-2"},"document_id":"91962090","chunk_id":"ctiev6qjnkzy5","chunk_label":"unnamed-chunk-2"},{"row":70,"row_count":1,"visible":true,"expansion_state":0,"options":{"engine":"r","label":"unnamed-chunk-3"},"document_id":"91962090","chunk_id":"cpfbl1p0p2bwo","chunk_label":"unnamed-chunk-3"},{"row":505,"row_count":1,"visible":true,"expansion_state":0,"options":{"engine":"r","label":"unnamed-chunk-4"},"document_id":"91962090","chunk_id":"cavxn8lw9de97","chunk_label":"unnamed-chunk-13"}],"doc_write_time":1647373687}